Source, Destination
Chinese Street Food,City Tacos
City Tacos,Chase
Chase,Chevron 2
Chevron 2,Cognoscenti Coffee Roastery
Cognoscenti Coffee Roastery,Chucks Chicken & Waffles
Chucks Chicken & Waffles,Cheebos Burger
Cheebos Burger,Crosswalk 1
Crosswalk 1,CAVA
CAVA,Cosmo Plaza
Cosmo Plaza,California Family Pharmacy
California Family Pharmacy,Chick-fil-A
Chick-fil-A,Chevron 1
Chevron 1,Cover the Homeless Ministry
Cover the Homeless Ministry,Church of Christ
Church of Christ,Callejon All Star
Callejon All Star,Corwin Denney Research Center
Corwin Denney Research Center,Crosswalk
Crosswalk,Carson Center
Carson Center,Chipotle
Chipotle,CorePower Yoga